family_id,morphology_id,alpha,arm_length,tip_length,front_yaw,rear_yaw,front_left_tilt_x,front_left_tilt_y,front_right_tilt_x,front_right_tilt_y,rear_left_tilt_x,rear_left_tilt_y,rear_right_tilt_x,rear_right_tilt_y,rank_rpyt,cond_rpyt,genotype,phenotype,urdf,allocation_npz,allocation_json
gptm_family_42,gptm_family_42_morph_00,0.0,0.0663,0.0338,0.15209,2.933061,0.000527,0.010868,-0.026429,-0.010868,0.026429,0.010868,-0.000527,-0.010868,4,21.382796791263356,/home/huyen-admin/spear_upb_ws/IsaacLab/source/isaaclab_tasks/isaaclab_tasks/direct/spear/parametric_drone/generated_gp/genotypes/gptm_family_42.json,/home/huyen-admin/spear_upb_ws/IsaacLab/source/isaaclab_tasks/isaaclab_tasks/direct/spear/parametric_drone/generated_gp/phenotypes/gptm_family_42_morph_00.json,/home/huyen-admin/spear_upb_ws/IsaacLab/source/isaaclab_tasks/isaaclab_tasks/direct/spear/parametric_drone/generated_gp/urdf/gptm_family_42_morph_00.urdf,/home/huyen-admin/spear_upb_ws/IsaacLab/source/isaaclab_tasks/isaaclab_tasks/direct/spear/parametric_drone/generated_gp/allocation/gptm_family_42_morph_00.npz,/home/huyen-admin/spear_upb_ws/IsaacLab/source/isaaclab_tasks/isaaclab_tasks/direct/spear/parametric_drone/generated_gp/allocation/gptm_family_42_morph_00.json
gptm_family_42,gptm_family_42_morph_01,0.1111,0.0687,0.0357,0.174549,2.91401,0.04004,-0.074508,0.018253,0.074508,-0.018253,-0.074508,-0.04004,0.074508,4,20.583802115753834,/home/huyen-admin/spear_upb_ws/IsaacLab/source/isaaclab_tasks/isaaclab_tasks/direct/spear/parametric_drone/generated_gp/genotypes/gptm_family_42.json,/home/huyen-admin/spear_upb_ws/IsaacLab/source/isaaclab_tasks/isaaclab_tasks/direct/spear/parametric_drone/generated_gp/phenotypes/gptm_family_42_morph_01.json,/home/huyen-admin/spear_upb_ws/IsaacLab/source/isaaclab_tasks/isaaclab_tasks/direct/spear/parametric_drone/generated_gp/urdf/gptm_family_42_morph_01.urdf,/home/huyen-admin/spear_upb_ws/IsaacLab/source/isaaclab_tasks/isaaclab_tasks/direct/spear/parametric_drone/generated_gp/allocation/gptm_family_42_morph_01.npz,/home/huyen-admin/spear_upb_ws/IsaacLab/source/isaaclab_tasks/isaaclab_tasks/direct/spear/parametric_drone/generated_gp/allocation/gptm_family_42_morph_01.json
gptm_family_42,gptm_family_42_morph_02,0.2222,0.0753,0.0409,0.23474,2.862954,0.083962,-0.059048,0.033489,0.059048,-0.033489,-0.059048,-0.083962,0.059048,4,20.224933723295866,/home/huyen-admin/spear_upb_ws/IsaacLab/source/isaaclab_tasks/isaaclab_tasks/direct/spear/parametric_drone/generated_gp/genotypes/gptm_family_42.json,/home/huyen-admin/spear_upb_ws/IsaacLab/source/isaaclab_tasks/isaaclab_tasks/direct/spear/parametric_drone/generated_gp/phenotypes/gptm_family_42_morph_02.json,/home/huyen-admin/spear_upb_ws/IsaacLab/source/isaaclab_tasks/isaaclab_tasks/direct/spear/parametric_drone/generated_gp/urdf/gptm_family_42_morph_02.urdf,/home/huyen-admin/spear_upb_ws/IsaacLab/source/isaaclab_tasks/isaaclab_tasks/direct/spear/parametric_drone/generated_gp/allocation/gptm_family_42_morph_02.npz,/home/huyen-admin/spear_upb_ws/IsaacLab/source/isaaclab_tasks/isaaclab_tasks/direct/spear/parametric_drone/generated_gp/allocation/gptm_family_42_morph_02.json
gptm_family_42,gptm_family_42_morph_03,0.3333,0.0848,0.0485,0.321882,2.789038,0.04912,-0.059111,0.02233,0.059111,-0.02233,-0.059111,-0.04912,0.059111,4,20.020181834491222,/home/huyen-admin/spear_upb_ws/IsaacLab/source/isaaclab_tasks/isaaclab_tasks/direct/spear/parametric_drone/generated_gp/genotypes/gptm_family_42.json,/home/huyen-admin/spear_upb_ws/IsaacLab/source/isaaclab_tasks/isaaclab_tasks/direct/spear/parametric_drone/generated_gp/phenotypes/gptm_family_42_morph_03.json,/home/huyen-admin/spear_upb_ws/IsaacLab/source/isaaclab_tasks/isaaclab_tasks/direct/spear/parametric_drone/generated_gp/urdf/gptm_family_42_morph_03.urdf,/home/huyen-admin/spear_upb_ws/IsaacLab/source/isaaclab_tasks/isaaclab_tasks/direct/spear/parametric_drone/generated_gp/allocation/gptm_family_42_morph_03.npz,/home/huyen-admin/spear_upb_ws/IsaacLab/source/isaaclab_tasks/isaaclab_tasks/direct/spear/parametric_drone/generated_gp/allocation/gptm_family_42_morph_03.json
gptm_family_42,gptm_family_42_morph_04,0.4444,0.096,0.0575,0.425194,2.701405,-0.082711,0.060218,-0.107664,-0.060218,0.107664,0.060218,0.082711,-0.060218,4,19.880190609228332,/home/huyen-admin/spear_upb_ws/IsaacLab/source/isaaclab_tasks/isaaclab_tasks/direct/spear/parametric_drone/generated_gp/genotypes/gptm_family_42.json,/home/huyen-admin/spear_upb_ws/IsaacLab/source/isaaclab_tasks/isaaclab_tasks/direct/spear/parametric_drone/generated_gp/phenotypes/gptm_family_42_morph_04.json,/home/huyen-admin/spear_upb_ws/IsaacLab/source/isaaclab_tasks/isaaclab_tasks/direct/spear/parametric_drone/generated_gp/urdf/gptm_family_42_morph_04.urdf,/home/huyen-admin/spear_upb_ws/IsaacLab/source/isaaclab_tasks/isaaclab_tasks/direct/spear/parametric_drone/generated_gp/allocation/gptm_family_42_morph_04.npz,/home/huyen-admin/spear_upb_ws/IsaacLab/source/isaaclab_tasks/isaaclab_tasks/direct/spear/parametric_drone/generated_gp/allocation/gptm_family_42_morph_04.json
gptm_family_42,gptm_family_42_morph_05,0.5556,0.1079,0.0669,0.533897,2.6092,0.009879,0.095827,-0.026429,-0.095827,0.026429,0.095827,-0.009879,-0.095827,4,19.992423881046328,/home/huyen-admin/spear_upb_ws/IsaacLab/source/isaaclab_tasks/isaaclab_tasks/direct/spear/parametric_drone/generated_gp/genotypes/gptm_family_42.json,/home/huyen-admin/spear_upb_ws/IsaacLab/source/isaaclab_tasks/isaaclab_tasks/direct/spear/parametric_drone/generated_gp/phenotypes/gptm_family_42_morph_05.json,/home/huyen-admin/spear_upb_ws/IsaacLab/source/isaaclab_tasks/isaaclab_tasks/direct/spear/parametric_drone/generated_gp/urdf/gptm_family_42_morph_05.urdf,/home/huyen-admin/spear_upb_ws/IsaacLab/source/isaaclab_tasks/isaaclab_tasks/direct/spear/parametric_drone/generated_gp/allocation/gptm_family_42_morph_05.npz,/home/huyen-admin/spear_upb_ws/IsaacLab/source/isaaclab_tasks/isaaclab_tasks/direct/spear/parametric_drone/generated_gp/allocation/gptm_family_42_morph_05.json
gptm_family_42,gptm_family_42_morph_06,0.6667,0.1191,0.0759,0.637209,2.521567,-0.062771,0.095906,-0.097393,-0.095906,0.097393,0.095906,0.062771,-0.095906,4,19.81656248628044,/home/huyen-admin/spear_upb_ws/IsaacLab/source/isaaclab_tasks/isaaclab_tasks/direct/spear/parametric_drone/generated_gp/genotypes/gptm_family_42.json,/home/huyen-admin/spear_upb_ws/IsaacLab/source/isaaclab_tasks/isaaclab_tasks/direct/spear/parametric_drone/generated_gp/phenotypes/gptm_family_42_morph_06.json,/home/huyen-admin/spear_upb_ws/IsaacLab/source/isaaclab_tasks/isaaclab_tasks/direct/spear/parametric_drone/generated_gp/urdf/gptm_family_42_morph_06.urdf,/home/huyen-admin/spear_upb_ws/IsaacLab/source/isaaclab_tasks/isaaclab_tasks/direct/spear/parametric_drone/generated_gp/allocation/gptm_family_42_morph_06.npz,/home/huyen-admin/spear_upb_ws/IsaacLab/source/isaaclab_tasks/isaaclab_tasks/direct/spear/parametric_drone/generated_gp/allocation/gptm_family_42_morph_06.json
gptm_family_42,gptm_family_42_morph_07,0.7778,0.1286,0.0834,0.724351,2.447651,0.040427,-0.096074,-0.006922,0.096074,0.006922,-0.096074,-0.040427,0.096074,4,19.92158104329924,/home/huyen-admin/spear_upb_ws/IsaacLab/source/isaaclab_tasks/isaaclab_tasks/direct/spear/parametric_drone/generated_gp/genotypes/gptm_family_42.json,/home/huyen-admin/spear_upb_ws/IsaacLab/source/isaaclab_tasks/isaaclab_tasks/direct/spear/parametric_drone/generated_gp/phenotypes/gptm_family_42_morph_07.json,/home/huyen-admin/spear_upb_ws/IsaacLab/source/isaaclab_tasks/isaaclab_tasks/direct/spear/parametric_drone/generated_gp/urdf/gptm_family_42_morph_07.urdf,/home/huyen-admin/spear_upb_ws/IsaacLab/source/isaaclab_tasks/isaaclab_tasks/direct/spear/parametric_drone/generated_gp/allocation/gptm_family_42_morph_07.npz,/home/huyen-admin/spear_upb_ws/IsaacLab/source/isaaclab_tasks/isaaclab_tasks/direct/spear/parametric_drone/generated_gp/allocation/gptm_family_42_morph_07.json
gptm_family_42,gptm_family_42_morph_08,0.8889,0.1352,0.0886,0.784541,2.396595,0.055932,0.024914,0.123641,-0.024914,-0.123641,0.024914,-0.055932,-0.024914,4,20.18571174606634,/home/huyen-admin/spear_upb_ws/IsaacLab/source/isaaclab_tasks/isaaclab_tasks/direct/spear/parametric_drone/generated_gp/genotypes/gptm_family_42.json,/home/huyen-admin/spear_upb_ws/IsaacLab/source/isaaclab_tasks/isaaclab_tasks/direct/spear/parametric_drone/generated_gp/phenotypes/gptm_family_42_morph_08.json,/home/huyen-admin/spear_upb_ws/IsaacLab/source/isaaclab_tasks/isaaclab_tasks/direct/spear/parametric_drone/generated_gp/urdf/gptm_family_42_morph_08.urdf,/home/huyen-admin/spear_upb_ws/IsaacLab/source/isaaclab_tasks/isaaclab_tasks/direct/spear/parametric_drone/generated_gp/allocation/gptm_family_42_morph_08.npz,/home/huyen-admin/spear_upb_ws/IsaacLab/source/isaaclab_tasks/isaaclab_tasks/direct/spear/parametric_drone/generated_gp/allocation/gptm_family_42_morph_08.json
gptm_family_42,gptm_family_42_morph_09,1.0,0.1376,0.0906,0.807,2.377545,-0.031964,0.024639,-0.049689,-0.024639,0.049689,0.024639,0.031964,-0.024639,4,19.969413844629106,/home/huyen-admin/spear_upb_ws/IsaacLab/source/isaaclab_tasks/isaaclab_tasks/direct/spear/parametric_drone/generated_gp/genotypes/gptm_family_42.json,/home/huyen-admin/spear_upb_ws/IsaacLab/source/isaaclab_tasks/isaaclab_tasks/direct/spear/parametric_drone/generated_gp/phenotypes/gptm_family_42_morph_09.json,/home/huyen-admin/spear_upb_ws/IsaacLab/source/isaaclab_tasks/isaaclab_tasks/direct/spear/parametric_drone/generated_gp/urdf/gptm_family_42_morph_09.urdf,/home/huyen-admin/spear_upb_ws/IsaacLab/source/isaaclab_tasks/isaaclab_tasks/direct/spear/parametric_drone/generated_gp/allocation/gptm_family_42_morph_09.npz,/home/huyen-admin/spear_upb_ws/IsaacLab/source/isaaclab_tasks/isaaclab_tasks/direct/spear/parametric_drone/generated_gp/allocation/gptm_family_42_morph_09.json
